{"pitch": [-1.0103033167327407, 4.552805894244783, 168.3710370677166, 166.6539486500136], "energy": [-1.174748182296753, 5.917130470275879, 105.2817164061142, 89.62066963236938]}